AGITATOR_SPEED,SEED_CRYSTAL_MASS,YIELD,GROWTH_RATE,MEAN_DIAMETER
214,0,170.5448,6.7462E-08,218.577
214,1,231.2165,7.22231E-08,225.336
214,2,171.36,5.82614E-08,178.28
464,0,183.25,8.27043E-08,248.94
464,1,123.44,6.9377E-08,208.131
464,2,204.51,4.21397E-08,208.423
665,0,254.69,7.60032E-08,237.13
665,1,203.9458,8.31225E-08,257.264
665,2,164.6471,6.98147E-08,259.7106667
